config,level,scenario,seed,team,result,wave,lives,kills,draws,spent,coins,maxTowers,maxTier,time
balance.json,glade,idle-1-star,7,falcon+falcon,Lost,5,0,22,0,0,404,1,1,181.9
balance.json,glade,idle-2-star,7,falcon+falcon,Lost,6,0,40,0,0,553,2,1,213.4
balance.json,glade,idle-2-star,7,falcon+sprout,Lost,6,0,38,0,0,540,2,1,209.6
balance.json,glade,idle-2-star,7,falcon+otter,Lost,5,0,34,0,0,472,2,1,189.0
balance.json,glade,idle-2-star,7,falcon+fox,Lost,6,0,45,0,0,576,2,1,217.3
balance.json,glade,idle-2-star,7,falcon+turtle,Lost,6,0,40,0,0,549,2,1,212.6
balance.json,glade,idle-2-star,7,falcon+deer,Lost,5,0,32,0,0,466,2,1,176.6
balance.json,glade,idle-2-star,7,falcon+bat,Lost,6,0,39,0,0,548,2,1,212.4
balance.json,glade,idle-1-star,7,sprout+sprout,Lost,5,0,20,0,0,395,1,1,190.8
balance.json,glade,idle-2-star,7,sprout+sprout,Lost,5,0,27,0,0,436,2,1,179.6
balance.json,glade,idle-2-star,7,sprout+otter,Lost,5,0,32,0,0,462,2,1,185.8
balance.json,glade,idle-2-star,7,sprout+fox,Lost,6,0,44,0,0,576,2,1,217.6
balance.json,glade,idle-2-star,7,sprout+turtle,Lost,6,0,38,0,0,537,2,1,225.4
balance.json,glade,idle-2-star,7,sprout+deer,Lost,5,0,32,0,0,463,2,1,183.0
balance.json,glade,idle-2-star,7,sprout+bat,Lost,5,0,32,0,0,463,2,1,182.2
balance.json,glade,idle-1-star,7,otter+otter,Lost,4,0,16,0,0,339,1,1,172.9
balance.json,glade,idle-2-star,7,otter+otter,Lost,5,0,30,0,0,446,2,1,190.7
balance.json,glade,idle-2-star,7,otter+fox,Lost,6,0,46,0,0,587,2,1,223.4
balance.json,glade,idle-2-star,7,otter+turtle,Lost,5,0,31,0,0,451,2,1,187.0
balance.json,glade,idle-2-star,7,otter+deer,Lost,5,0,31,0,0,454,2,1,184.7
balance.json,glade,idle-2-star,7,otter+bat,Lost,5,0,32,0,0,459,2,1,186.5
balance.json,glade,idle-1-star,7,fox+fox,Lost,5,0,26,0,0,427,1,1,184.4
balance.json,glade,idle-2-star,7,fox+fox,Lost,6,0,49,0,0,605,2,1,233.2
balance.json,glade,idle-2-star,7,fox+turtle,Lost,6,0,45,0,0,580,2,1,229.8
balance.json,glade,idle-2-star,7,fox+deer,Lost,6,0,44,0,0,573,2,1,214.8
balance.json,glade,idle-2-star,7,fox+bat,Lost,6,0,40,0,0,550,2,1,207.8
balance.json,glade,idle-1-star,7,turtle+turtle,Lost,5,0,21,0,0,400,1,1,180.6
balance.json,glade,idle-2-star,7,turtle+turtle,Lost,6,0,39,0,0,545,2,1,224.5
balance.json,glade,idle-2-star,7,turtle+deer,Lost,5,0,31,0,0,458,2,1,173.0
balance.json,glade,idle-2-star,7,turtle+bat,Lost,5,0,33,0,0,468,2,1,187.8
balance.json,glade,idle-1-star,7,deer+deer,Lost,4,0,9,0,0,309,1,1,154.5
balance.json,glade,idle-2-star,7,deer+deer,Lost,5,0,25,0,0,422,2,1,181.7
balance.json,glade,idle-2-star,7,deer+bat,Lost,5,0,30,0,0,453,2,1,185.7
balance.json,glade,idle-1-star,7,bat+bat,Lost,4,0,17,0,0,345,1,1,159.6
balance.json,glade,idle-2-star,7,bat+bat,Lost,5,0,31,0,0,458,2,1,181.2
balance.json,glade,managed-star,7,falcon+sprout+otter,Won,6,20,60,11,660,102,12,2,143.7
balance.json,glade,managed-no-star,7,falcon+sprout+otter,Won,6,20,60,11,660,102,12,2,150.9
balance.json,glade,managed-star,7,fox+otter+falcon,Won,6,20,60,11,660,102,12,2,135.6
balance.json,glade,managed-no-star,7,fox+otter+falcon,Won,6,20,60,11,660,102,12,2,136.8
balance.json,glade,managed-star,19,falcon+sprout+otter,Won,6,20,60,11,660,102,12,2,145.8
balance.json,glade,managed-no-star,19,falcon+sprout+otter,Won,6,20,60,11,660,102,12,2,150.6
balance.json,glade,managed-star,19,fox+otter+falcon,Won,6,20,60,11,660,102,12,2,139.9
balance.json,glade,managed-no-star,19,fox+otter+falcon,Won,6,20,60,11,660,102,12,2,141.1
balance.json,glade,managed-star,41,falcon+sprout+otter,Won,6,20,60,11,660,102,12,2,143.5
balance.json,glade,managed-no-star,41,falcon+sprout+otter,Won,6,20,60,11,660,102,12,2,152.8
balance.json,glade,managed-star,41,fox+otter+falcon,Won,6,20,60,11,660,102,12,2,132.3
balance.json,glade,managed-no-star,41,fox+otter+falcon,Won,6,20,60,11,660,102,12,2,133.5
balance.json,glade,managed-star,73,falcon+sprout+otter,Won,6,20,60,11,660,102,12,2,144.6
balance.json,glade,managed-no-star,73,falcon+sprout+otter,Won,6,20,60,11,660,102,12,2,148.3
balance.json,glade,managed-star,73,fox+otter+falcon,Won,6,20,60,11,660,102,12,2,145.7
balance.json,glade,managed-no-star,73,fox+otter+falcon,Won,6,20,60,11,660,102,12,2,145.3
balance.json,glade,managed-star,101,falcon+sprout+otter,Won,6,20,60,11,660,102,12,2,128.4
balance.json,glade,managed-no-star,101,falcon+sprout+otter,Won,6,20,60,11,660,102,12,2,135.4
balance.json,glade,managed-star,101,fox+otter+falcon,Won,6,20,60,11,660,102,12,2,116.6
balance.json,glade,managed-no-star,101,fox+otter+falcon,Won,6,20,60,11,660,102,12,2,121.9
balance.json,brook,idle-1-star,7,falcon+falcon,Lost,3,0,14,0,0,300,1,1,126.7
balance.json,brook,idle-2-star,7,falcon+falcon,Lost,4,0,28,0,0,417,2,1,153.0
balance.json,brook,idle-2-star,7,falcon+sprout,Lost,4,0,26,0,0,398,2,1,158.3
balance.json,brook,idle-2-star,7,falcon+otter,Lost,4,0,26,0,0,401,2,1,166.2
balance.json,brook,idle-2-star,7,falcon+fox,Lost,5,0,33,0,0,480,2,1,185.9
balance.json,brook,idle-2-star,7,falcon+turtle,Lost,5,0,33,0,0,480,2,1,187.9
balance.json,brook,idle-2-star,7,falcon+deer,Lost,4,0,26,0,0,401,2,1,158.2
balance.json,brook,idle-2-star,7,falcon+bat,Lost,4,0,25,0,0,393,2,1,155.4
balance.json,brook,idle-1-star,7,sprout+sprout,Lost,3,0,11,0,0,287,1,1,123.8
balance.json,brook,idle-2-star,7,sprout+sprout,Lost,3,0,14,0,0,304,2,1,125.0
balance.json,brook,idle-2-star,7,sprout+otter,Lost,4,0,26,0,0,398,2,1,166.5
balance.json,brook,idle-2-star,7,sprout+fox,Lost,4,0,25,0,0,393,2,1,158.5
balance.json,brook,idle-2-star,7,sprout+turtle,Lost,4,0,23,0,0,383,2,1,155.7
balance.json,brook,idle-2-star,7,sprout+deer,Lost,4,0,21,0,0,368,2,1,160.3
balance.json,brook,idle-2-star,7,sprout+bat,Lost,4,0,24,0,0,388,2,1,164.1
balance.json,brook,idle-1-star,7,otter+otter,Lost,3,0,9,0,0,273,1,1,130.7
balance.json,brook,idle-2-star,7,otter+otter,Lost,4,0,20,0,0,362,2,1,168.4
balance.json,brook,idle-2-star,7,otter+fox,Lost,4,0,27,0,0,406,2,1,160.5
balance.json,brook,idle-2-star,7,otter+turtle,Lost,4,0,21,0,0,367,2,1,165.8
balance.json,brook,idle-2-star,7,otter+deer,Lost,3,0,14,0,0,302,2,1,126.9
balance.json,brook,idle-2-star,7,otter+bat,Lost,4,0,20,0,0,362,2,1,164.5
balance.json,brook,idle-1-star,7,fox+fox,Lost,3,0,12,0,0,291,1,1,123.8
balance.json,brook,idle-2-star,7,fox+fox,Lost,4,0,28,0,0,414,2,1,158.8
balance.json,brook,idle-2-star,7,fox+turtle,Lost,4,0,28,0,0,414,2,1,158.8
balance.json,brook,idle-2-star,7,fox+deer,Lost,4,0,26,0,0,401,2,1,158.2
balance.json,brook,idle-2-star,7,fox+bat,Lost,4,0,24,0,0,385,2,1,155.7
balance.json,brook,idle-1-star,7,turtle+turtle,Lost,3,0,14,0,0,300,1,1,128.2
balance.json,brook,idle-2-star,7,turtle+turtle,Lost,4,0,26,0,0,398,2,1,163.0
balance.json,brook,idle-2-star,7,turtle+deer,Lost,4,0,23,0,0,377,2,1,165.2
balance.json,brook,idle-2-star,7,turtle+bat,Lost,4,0,24,0,0,388,2,1,160.8
balance.json,brook,idle-1-star,7,deer+deer,Lost,3,0,3,0,0,248,1,1,105.7
balance.json,brook,idle-2-star,7,deer+deer,Lost,3,0,14,0,0,300,2,1,126.7
balance.json,brook,idle-2-star,7,deer+bat,Lost,4,0,22,0,0,372,2,1,160.3
balance.json,brook,idle-1-star,7,bat+bat,Lost,3,0,13,0,0,295,1,1,126.7
balance.json,brook,idle-2-star,7,bat+bat,Lost,4,0,23,0,0,380,2,1,163.2
balance.json,brook,managed-star,7,falcon+sprout+otter+fox+turtle,Won,8,20,140,19,1140,101,12,2,274.9
balance.json,brook,managed-no-star,7,falcon+sprout+otter+fox+turtle,Won,8,20,140,19,1140,101,12,2,292.0
balance.json,brook,managed-star,7,fox+otter+falcon+sprout+deer,Won,8,20,140,19,1140,101,12,2,240.7
balance.json,brook,managed-no-star,7,fox+otter+falcon+sprout+deer,Won,8,20,140,19,1140,101,12,2,247.6
balance.json,brook,managed-star,19,falcon+sprout+otter+fox+turtle,Won,8,20,140,19,1140,101,12,2,258.0
balance.json,brook,managed-no-star,19,falcon+sprout+otter+fox+turtle,Won,8,20,140,19,1140,101,12,2,264.4
balance.json,brook,managed-star,19,fox+otter+falcon+sprout+deer,Won,8,20,140,19,1140,101,12,2,249.1
balance.json,brook,managed-no-star,19,fox+otter+falcon+sprout+deer,Won,8,20,140,19,1140,101,12,2,255.6
balance.json,brook,managed-star,41,falcon+sprout+otter+fox+turtle,Won,8,20,140,19,1140,101,12,2,264.7
balance.json,brook,managed-no-star,41,falcon+sprout+otter+fox+turtle,Won,8,20,140,19,1140,101,12,2,272.6
balance.json,brook,managed-star,41,fox+otter+falcon+sprout+deer,Won,8,20,140,19,1140,101,12,2,218.6
balance.json,brook,managed-no-star,41,fox+otter+falcon+sprout+deer,Won,8,20,140,19,1140,101,12,2,230.8
balance.json,brook,managed-star,73,falcon+sprout+otter+fox+turtle,Won,8,20,140,19,1140,101,12,2,255.2
balance.json,brook,managed-no-star,73,falcon+sprout+otter+fox+turtle,Won,8,20,140,19,1140,101,12,2,270.4
balance.json,brook,managed-star,73,fox+otter+falcon+sprout+deer,Won,8,20,140,19,1140,101,12,2,238.4
balance.json,brook,managed-no-star,73,fox+otter+falcon+sprout+deer,Won,8,20,140,19,1140,101,12,2,252.8
balance.json,brook,managed-star,101,falcon+sprout+otter+fox+turtle,Won,8,20,140,19,1140,101,12,2,273.1
balance.json,brook,managed-no-star,101,falcon+sprout+otter+fox+turtle,Won,8,20,140,19,1140,101,12,2,283.8
balance.json,brook,managed-star,101,fox+otter+falcon+sprout+deer,Won,8,20,140,19,1140,101,12,2,225.3
balance.json,brook,managed-no-star,101,fox+otter+falcon+sprout+deer,Won,8,20,140,19,1140,101,12,2,233.8
balance.json,grove,idle-1-star,7,falcon+falcon,Lost,2,0,3,0,0,217,1,1,80.9
balance.json,grove,idle-2-star,7,falcon+falcon,Lost,3,0,17,0,0,322,2,1,118.1
balance.json,grove,idle-2-star,7,falcon+sprout,Lost,3,0,16,0,0,317,2,1,117.0
balance.json,grove,idle-2-star,7,falcon+otter,Lost,3,0,14,0,0,302,2,1,121.9
balance.json,grove,idle-2-star,7,falcon+fox,Lost,3,0,19,0,0,337,2,1,118.9
balance.json,grove,idle-2-star,7,falcon+turtle,Lost,3,0,18,0,0,327,2,1,119.1
balance.json,grove,idle-2-star,7,falcon+deer,Lost,3,0,14,0,0,307,2,1,117.0
balance.json,grove,idle-2-star,7,falcon+bat,Lost,3,0,16,0,0,317,2,1,117.0
balance.json,grove,idle-1-star,7,sprout+sprout,Lost,2,0,3,0,0,217,1,1,80.9
balance.json,grove,idle-2-star,7,sprout+sprout,Lost,3,0,10,0,0,283,2,1,116.0
balance.json,grove,idle-2-star,7,sprout+otter,Lost,3,0,13,0,0,298,2,1,127.4
balance.json,grove,idle-2-star,7,sprout+fox,Lost,3,0,15,0,0,311,2,1,120.3
balance.json,grove,idle-2-star,7,sprout+turtle,Lost,3,0,15,0,0,310,2,1,121.8
balance.json,grove,idle-2-star,7,sprout+deer,Lost,3,0,11,0,0,291,2,1,117.1
balance.json,grove,idle-2-star,7,sprout+bat,Lost,3,0,13,0,0,299,2,1,117.9
balance.json,grove,idle-1-star,7,otter+otter,Lost,2,0,2,0,0,213,1,1,84.1
balance.json,grove,idle-2-star,7,otter+otter,Lost,3,0,8,0,0,268,2,1,129.2
balance.json,grove,idle-2-star,7,otter+fox,Lost,4,0,30,0,0,422,2,1,170.4
balance.json,grove,idle-2-star,7,otter+turtle,Lost,3,0,12,0,0,294,2,1,123.9
balance.json,grove,idle-2-star,7,otter+deer,Lost,3,0,8,0,0,268,2,1,122.8
balance.json,grove,idle-2-star,7,otter+bat,Lost,3,0,12,0,0,290,2,1,120.0
balance.json,grove,idle-1-star,7,fox+fox,Lost,3,0,8,0,0,274,1,1,116.0
balance.json,grove,idle-2-star,7,fox+fox,Lost,3,0,19,0,0,337,2,1,118.9
balance.json,grove,idle-2-star,7,fox+turtle,Lost,3,0,19,0,0,337,2,1,122.9
balance.json,grove,idle-2-star,7,fox+deer,Lost,3,0,17,0,0,322,2,1,121.4
balance.json,grove,idle-2-star,7,fox+bat,Lost,3,0,15,0,0,309,2,1,120.3
balance.json,grove,idle-1-star,7,turtle+turtle,Lost,3,0,5,0,0,257,1,1,113.3
balance.json,grove,idle-2-star,7,turtle+turtle,Lost,3,0,16,0,0,318,2,1,123.3
balance.json,grove,idle-2-star,7,turtle+deer,Lost,3,0,15,0,0,313,2,1,121.8
balance.json,grove,idle-2-star,7,turtle+bat,Lost,3,0,14,0,0,305,2,1,121.8
balance.json,grove,idle-1-star,7,deer+deer,Lost,2,0,1,0,0,209,1,1,77.5
balance.json,grove,idle-2-star,7,deer+deer,Lost,3,0,7,0,0,267,2,1,116.0
balance.json,grove,idle-2-star,7,deer+bat,Lost,3,0,10,0,0,283,2,1,116.0
balance.json,grove,idle-1-star,7,bat+bat,Lost,2,0,2,0,0,213,1,1,80.9
balance.json,grove,idle-2-star,7,bat+bat,Lost,3,0,10,0,0,283,2,1,116.0
balance.json,grove,managed-star,7,falcon+sprout+otter+fox+turtle,Lost,9,0,163,22,1320,41,13,2,381.8
balance.json,grove,managed-no-star,7,falcon+sprout+otter+fox+turtle,Lost,6,0,83,13,780,11,12,2,249.8
balance.json,grove,managed-star,7,fox+otter+falcon+sprout+deer,Won,10,20,208,28,1680,112,14,3,393.6
balance.json,grove,managed-no-star,7,fox+otter+falcon+sprout+deer,Won,10,20,208,28,1680,112,14,3,404.6
balance.json,grove,managed-star,19,falcon+sprout+otter+fox+turtle,Won,10,16,207,28,1680,77,13,3,398.6
balance.json,grove,managed-no-star,19,falcon+sprout+otter+fox+turtle,Won,10,12,204,28,1680,68,13,3,418.6
balance.json,grove,managed-star,19,fox+otter+falcon+sprout+deer,Won,10,20,208,28,1680,112,13,3,379.9
balance.json,grove,managed-no-star,19,fox+otter+falcon+sprout+deer,Won,10,20,208,28,1680,112,13,3,394.7
balance.json,grove,managed-star,41,falcon+sprout+otter+fox+turtle,Lost,9,0,160,22,1320,22,12,2,369.0
balance.json,grove,managed-no-star,41,falcon+sprout+otter+fox+turtle,Lost,7,0,104,15,900,38,12,2,295.6
balance.json,grove,managed-star,41,fox+otter+falcon+sprout+deer,Won,10,20,208,28,1680,112,14,3,355.0
balance.json,grove,managed-no-star,41,fox+otter+falcon+sprout+deer,Won,10,16,207,28,1680,77,14,3,373.1
balance.json,grove,managed-star,73,falcon+sprout+otter+fox+turtle,Lost,10,0,190,26,1560,16,12,3,410.2
balance.json,grove,managed-no-star,73,falcon+sprout+otter+fox+turtle,Lost,7,0,107,15,900,52,12,2,275.3
balance.json,grove,managed-star,73,fox+otter+falcon+sprout+deer,Won,10,20,208,28,1680,112,12,3,360.2
balance.json,grove,managed-no-star,73,fox+otter+falcon+sprout+deer,Won,10,20,208,28,1680,112,12,3,377.2
balance.json,grove,managed-star,101,falcon+sprout+otter+fox+turtle,Lost,9,0,163,22,1320,43,12,2,376.7
balance.json,grove,managed-no-star,101,falcon+sprout+otter+fox+turtle,Lost,7,0,106,15,900,53,12,2,287.4
balance.json,grove,managed-star,101,fox+otter+falcon+sprout+deer,Won,10,20,208,28,1680,112,14,2,358.7
balance.json,grove,managed-no-star,101,fox+otter+falcon+sprout+deer,Won,10,20,208,28,1680,112,14,2,371.3
